Company,Market Share (%),Annual Revenue (₹),Number of Installations,Pricing Model,Key Features,Regions with Highest Usage
Shopify POS,15.97,435000000,151259,One-time Purchase,Customer Loyalty,Tier 1 Cities
Vend,16.56,667000000,161863,Subscription,Mobile POS,Tier 2 Cities
RetailNext,7.42,841000000,95436,One-time Purchase,Integrated Payments,Tier 2 Cities
SnapBizz,1.36,821000000,117341,Subscription,Integrated Payments,Nationwide
Shopify POS,24.16,157000000,175939,One-time Purchase,Enterprise Solutions,Metropolitan Cities
RetailNext,7.02,580000000,136965,Subscription,Integrated Payments,Tier 1 Cities
Razorpay,17.22,459000000,104694,One-time Purchase,Analytics,Tier 2 Cities
Posiflex,17.96,345000000,24773,Subscription,Mobile POS,Tier 1 Cities
Razorpay,15.64,867000000,9239,Subscription,Customer Loyalty,Rural Areas
Tally,8.51,220000000,25863,One-time Purchase,Customer Loyalty,Tier 2 Cities
Logic ERP,7.51,380000000,56415,One-time Purchase,Integrated Payments,Tier 2 Cities
Paytm,15.34,542000000,73968,Subscription,Mobile POS,Rural Areas
Tally,21.79,244000000,65430,Subscription,Mobile POS,Nationwide
Mswipe,23.72,61000000,6515,Subscription,Mobile POS,Tier 2 Cities
Mswipe,3.54,244000000,102206,Subscription,Inventory Management,Tier 1 Cities
Petpooja,4.72,539000000,150677,One-time Purchase,Inventory Management,Metropolitan Cities
Pine Labs,23.67,844000000,61240,Subscription,Integrated Payments,Tier 1 Cities
Vend,18.68,930000000,10586,Subscription,Mobile POS,Nationwide
SnapBizz,22.19,231000000,125419,Subscription,E-commerce Integration,Metropolitan Cities
SnapBizz,5.86,866000000,127374,One-time Purchase,Mobile POS,Tier 1 Cities
RetailGraph,15.1,705000000,36186,Subscription,Customer Loyalty,Tier 1 Cities
FusionResto,17.83,947000000,31928,One-time Purchase,Customer Loyalty,Rural Areas
Tally,17.32,365000000,127990,One-time Purchase,Integrated Payments,Nationwide
SnapBizz,10.8,743000000,92029,One-time Purchase,E-commerce Integration,Rural Areas
Vend,1.37,79000000,25711,One-time Purchase,Mobile POS,Metropolitan Cities
RetailNext,14.99,645000000,59962,One-time Purchase,Merchant Financing,Rural Areas
Gofrugal,7.07,727000000,25039,One-time Purchase,E-commerce Integration,Nationwide
Pine Labs,11.81,845000000,41561,One-time Purchase,Enterprise Solutions,Tier 2 Cities
Logic ERP,23.98,842000000,6577,Subscription,Integrated Payments,Tier 2 Cities
FusionResto,10.58,145000000,112792,Subscription,Customer Loyalty,Metropolitan Cities
Paytm,21.16,430000000,164422,One-time Purchase,Merchant Financing,Tier 2 Cities
Vend,5.52,827000000,169870,Subscription,Customer Loyalty,Rural Areas
Retail Pro,17.14,493000000,15785,Subscription,Inventory Management,Metropolitan Cities
Paytm,24.45,347000000,77227,One-time Purchase,Integrated Payments,Nationwide
Unicommerce,3.45,857000000,123680,Subscription,Integrated Payments,Metropolitan Cities
Logic ERP,1.2,786000000,66957,One-time Purchase,Mobile POS,Metropolitan Cities
Shopify POS,11.41,894000000,70431,Subscription,Mobile POS,Tier 1 Cities
FusionResto,3.22,410000000,153369,One-time Purchase,Inventory Management,Tier 1 Cities
Logic ERP,18.96,423000000,76894,One-time Purchase,Merchant Financing,Metropolitan Cities
SnapBizz,22.95,603000000,199844,Subscription,Enterprise Solutions,Tier 2 Cities
FusionResto,11.42,352000000,155653,Subscription,Analytics,Tier 1 Cities
Retail Pro,7.21,470000000,60192,One-time Purchase,E-commerce Integration,Nationwide
FusionResto,11.43,295000000,6462,One-time Purchase,Analytics,Rural Areas
Vend,18.36,769000000,133848,One-time Purchase,Analytics,Tier 1 Cities
Just Billing,1.22,286000000,151583,Subscription,Integrated Payments,Metropolitan Cities
Shopify POS,15.15,583000000,81106,Subscription,E-commerce Integration,Tier 2 Cities
Pine Labs,15.72,234000000,53665,Subscription,Integrated Payments,Rural Areas
Posiflex,16.3,517000000,180486,Subscription,Enterprise Solutions,Tier 1 Cities
FusionResto,6.81,803000000,86010,One-time Purchase,E-commerce Integration,Tier 2 Cities
Gofrugal,18.14,412000000,77573,One-time Purchase,Customer Loyalty,Tier 2 Cities
Just Billing,3.19,332000000,112803,One-time Purchase,Integrated Payments,Tier 2 Cities
Petpooja,5.78,602000000,124682,One-time Purchase,Integrated Payments,Metropolitan Cities
Petpooja,22.06,385000000,18386,Subscription,Integrated Payments,Nationwide
Ezetap,18.73,211000000,129069,One-time Purchase,Merchant Financing,Tier 2 Cities
FusionResto,1.33,209000000,59460,One-time Purchase,Inventory Management,Rural Areas
Petpooja,6.96,523000000,142293,Subscription,Integrated Payments,Tier 1 Cities
FusionResto,6.15,650000000,159546,Subscription,Enterprise Solutions,Rural Areas
RetailNext,7.5,371000000,120375,One-time Purchase,Mobile POS,Metropolitan Cities
Posiflex,6.94,61000000,117660,Subscription,Mobile POS,Metropolitan Cities
Petpooja,2.5,473000000,157117,One-time Purchase,E-commerce Integration,Rural Areas
Posiflex,12.01,122000000,96319,Subscription,Customer Loyalty,Nationwide
Logic ERP,18.59,637000000,121582,Subscription,Inventory Management,Metropolitan Cities
Just Billing,15.56,907000000,140994,One-time Purchase,Merchant Financing,Metropolitan Cities
Retail Pro,17.15,250000000,158778,Subscription,E-commerce Integration,Rural Areas
RetailNext,2.95,571000000,47771,One-time Purchase,Mobile POS,Metropolitan Cities
Just Billing,23.84,913000000,57335,Subscription,Inventory Management,Nationwide
Logic ERP,21.12,554000000,57949,Subscription,Inventory Management,Nationwide
Retail Pro,20.32,787000000,100558,Subscription,Customer Loyalty,Nationwide
Logic ERP,20.75,737000000,151312,Subscription,Enterprise Solutions,Tier 1 Cities
Pine Labs,23.39,837000000,107272,Subscription,Inventory Management,Nationwide
Vend,14.06,88000000,7716,One-time Purchase,Integrated Payments,Nationwide
Tally,5.81,109000000,152646,Subscription,Inventory Management,Tier 1 Cities
RetailNext,15.8,627000000,180138,One-time Purchase,Customer Loyalty,Tier 2 Cities
Tally,18.83,370000000,197898,Subscription,E-commerce Integration,Metropolitan Cities
Vend,18.71,484000000,156285,One-time Purchase,Customer Loyalty,Nationwide
Vend,13.51,685000000,76916,Subscription,Merchant Financing,Metropolitan Cities
Logic ERP,2.64,725000000,55906,One-time Purchase,Customer Loyalty,Rural Areas
Tally,9.91,457000000,5463,One-time Purchase,Mobile POS,Metropolitan Cities
Unicommerce,23.1,972000000,168045,Subscription,Integrated Payments,Tier 1 Cities
Pine Labs,15.03,435000000,79694,Subscription,Enterprise Solutions,Metropolitan Cities
Logic ERP,13.92,720000000,156723,Subscription,Mobile POS,Metropolitan Cities
Posiflex,7.45,618000000,73694,One-time Purchase,E-commerce Integration,Metropolitan Cities
Ezetap,9.84,127000000,25008,One-time Purchase,Analytics,Tier 2 Cities
Vend,22.49,243000000,75474,Subscription,E-commerce Integration,Tier 2 Cities
Retail Pro,17.0,334000000,43185,Subscription,Integrated Payments,Rural Areas
Logic ERP,19.9,576000000,92924,One-time Purchase,Inventory Management,Tier 1 Cities
Marg ERP,11.9,573000000,39980,One-time Purchase,Customer Loyalty,Metropolitan Cities
FusionResto,16.13,662000000,27504,Subscription,Analytics,Metropolitan Cities
Marg ERP,6.96,205000000,59970,One-time Purchase,Integrated Payments,Metropolitan Cities
Shopify POS,17.93,389000000,21766,Subscription,Mobile POS,Metropolitan Cities
RetailGraph,11.26,174000000,121944,Subscription,Customer Loyalty,Tier 2 Cities
RetailGraph,11.62,920000000,98922,Subscription,E-commerce Integration,Rural Areas
Mswipe,16.58,329000000,147767,One-time Purchase,Mobile POS,Nationwide
Razorpay,23.47,966000000,153868,One-time Purchase,Integrated Payments,Tier 1 Cities
Pine Labs,2.54,955000000,178615,One-time Purchase,Integrated Payments,Metropolitan Cities
Razorpay,20.79,671000000,150631,One-time Purchase,E-commerce Integration,Rural Areas
RetailGraph,8.02,895000000,169211,Subscription,Analytics,Nationwide
Ezetap,11.65,918000000,125494,One-time Purchase,E-commerce Integration,Rural Areas
RetailNext,1.53,707000000,13802,Subscription,Inventory Management,Tier 2 Cities
Marg ERP,8.23,777000000,176277,Subscription,Mobile POS,Nationwide
Vend,13.06,959000000,39159,Subscription,Analytics,Rural Areas
Shopify POS,2.35,723000000,16516,One-time Purchase,Customer Loyalty,Tier 2 Cities
FusionResto,12.79,177000000,55492,Subscription,Merchant Financing,Rural Areas
Pine Labs,23.25,363000000,34086,Subscription,Inventory Management,Rural Areas
Tally,3.53,381000000,118758,One-time Purchase,Analytics,Nationwide
RetailNext,19.35,199000000,35480,Subscription,Merchant Financing,Tier 2 Cities
Marg ERP,10.83,503000000,188163,One-time Purchase,Merchant Financing,Metropolitan Cities
Petpooja,16.72,85000000,133023,One-time Purchase,Mobile POS,Tier 1 Cities
Posiflex,7.25,734000000,115195,One-time Purchase,Integrated Payments,Nationwide
Mswipe,4.83,469000000,183838,Subscription,Customer Loyalty,Tier 2 Cities
Petpooja,4.85,71000000,43737,One-time Purchase,E-commerce Integration,Rural Areas
Gofrugal,2.69,255000000,14265,One-time Purchase,Mobile POS,Tier 2 Cities
Mswipe,5.46,688000000,119165,One-time Purchase,Inventory Management,Tier 1 Cities
RetailNext,16.94,897000000,124501,One-time Purchase,Enterprise Solutions,Tier 1 Cities
Just Billing,22.16,405000000,75990,Subscription,Merchant Financing,Metropolitan Cities
Logic ERP,20.54,489000000,20386,One-time Purchase,Inventory Management,Metropolitan Cities
Gofrugal,17.44,778000000,109718,Subscription,Merchant Financing,Tier 1 Cities
Retail Pro,3.65,145000000,42425,One-time Purchase,Integrated Payments,Nationwide
RetailGraph,7.94,978000000,126635,Subscription,Enterprise Solutions,Nationwide
RetailNext,8.44,990000000,179326,One-time Purchase,Integrated Payments,Rural Areas
Petpooja,7.0,213000000,58634,Subscription,Customer Loyalty,Metropolitan Cities
Posiflex,13.36,197000000,183734,One-time Purchase,E-commerce Integration,Rural Areas
Paytm,13.85,579000000,91988,Subscription,Customer Loyalty,Metropolitan Cities
Shopify POS,9.57,343000000,111337,Subscription,Integrated Payments,Tier 1 Cities
SnapBizz,9.49,244000000,146215,Subscription,Integrated Payments,Nationwide
Mswipe,20.89,712000000,151653,One-time Purchase,Inventory Management,Nationwide
SnapBizz,19.94,529000000,72443,Subscription,Integrated Payments,Tier 1 Cities
Paytm,8.39,926000000,34424,Subscription,Enterprise Solutions,Rural Areas
Unicommerce,22.93,172000000,93844,Subscription,Enterprise Solutions,Rural Areas
Vend,23.87,449000000,46984,Subscription,Analytics,Tier 2 Cities
Mswipe,8.84,748000000,46505,One-time Purchase,Merchant Financing,Metropolitan Cities
FusionResto,9.51,501000000,107478,Subscription,Mobile POS,Rural Areas
Petpooja,13.14,710000000,67699,Subscription,Integrated Payments,Tier 1 Cities
Tally,23.59,153000000,163029,Subscription,Customer Loyalty,Rural Areas
Paytm,22.03,804000000,161536,One-time Purchase,E-commerce Integration,Nationwide
Just Billing,3.46,511000000,119012,Subscription,Merchant Financing,Metropolitan Cities
Pine Labs,10.43,792000000,159721,Subscription,Merchant Financing,Tier 2 Cities
Logic ERP,14.28,767000000,178137,Subscription,E-commerce Integration,Metropolitan Cities
Marg ERP,13.08,759000000,39758,Subscription,E-commerce Integration,Nationwide
Ezetap,5.65,445000000,141668,One-time Purchase,Merchant Financing,Nationwide
FusionResto,21.61,961000000,21374,Subscription,Analytics,Nationwide
SnapBizz,17.25,386000000,123686,Subscription,Customer Loyalty,Nationwide
Just Billing,21.11,648000000,8775,One-time Purchase,Analytics,Tier 1 Cities
RetailGraph,21.61,191000000,32388,One-time Purchase,Integrated Payments,Tier 2 Cities
Razorpay,18.96,366000000,128800,One-time Purchase,Mobile POS,Nationwide
Paytm,11.54,760000000,26029,Subscription,E-commerce Integration,Nationwide
Logic ERP,15.65,607000000,88981,One-time Purchase,Enterprise Solutions,Rural Areas
Petpooja,4.85,849000000,58639,Subscription,Customer Loyalty,Tier 2 Cities
SnapBizz,17.17,576000000,119010,One-time Purchase,E-commerce Integration,Metropolitan Cities
Tally,5.3,605000000,150717,Subscription,Analytics,Tier 2 Cities
Mswipe,17.65,450000000,36105,One-time Purchase,Inventory Management,Tier 2 Cities
Paytm,6.51,730000000,149740,Subscription,Integrated Payments,Tier 2 Cities
Paytm,3.82,359000000,152032,One-time Purchase,Mobile POS,Nationwide
Tally,4.97,544000000,131519,Subscription,Integrated Payments,Nationwide
Marg ERP,1.05,605000000,147429,Subscription,Inventory Management,Tier 1 Cities
Petpooja,18.25,659000000,107739,Subscription,Mobile POS,Metropolitan Cities
Vend,18.58,822000000,56796,Subscription,Inventory Management,Rural Areas
Just Billing,13.36,158000000,20804,Subscription,Integrated Payments,Tier 2 Cities
Unicommerce,4.87,844000000,132732,Subscription,Analytics,Metropolitan Cities
Razorpay,3.01,421000000,150698,Subscription,Merchant Financing,Metropolitan Cities
Pine Labs,1.46,904000000,164204,Subscription,Integrated Payments,Tier 1 Cities
Posiflex,4.98,665000000,12951,One-time Purchase,Integrated Payments,Rural Areas
Mswipe,22.38,817000000,142521,Subscription,Integrated Payments,Tier 2 Cities
Ezetap,6.8,940000000,24065,Subscription,Customer Loyalty,Rural Areas
Posiflex,9.5,255000000,106503,One-time Purchase,Inventory Management,Tier 1 Cities
Razorpay,3.53,896000000,110072,Subscription,Enterprise Solutions,Nationwide
Ezetap,6.34,92000000,145202,One-time Purchase,Inventory Management,Metropolitan Cities
Pine Labs,13.46,914000000,94360,Subscription,E-commerce Integration,Tier 2 Cities
Pine Labs,15.59,294000000,67287,One-time Purchase,Inventory Management,Nationwide
Marg ERP,6.89,336000000,187774,One-time Purchase,E-commerce Integration,Tier 1 Cities
Shopify POS,2.39,404000000,173065,Subscription,Customer Loyalty,Rural Areas
RetailNext,10.38,834000000,167947,One-time Purchase,Analytics,Metropolitan Cities
Gofrugal,6.62,525000000,142126,Subscription,E-commerce Integration,Tier 2 Cities
RetailGraph,6.27,132000000,112357,Subscription,Integrated Payments,Nationwide
Paytm,24.04,159000000,184589,Subscription,Analytics,Nationwide
Just Billing,15.79,999000000,34670,Subscription,Merchant Financing,Metropolitan Cities
Marg ERP,14.37,239000000,54112,One-time Purchase,Customer Loyalty,Rural Areas
Just Billing,10.98,849000000,93388,Subscription,Inventory Management,Tier 1 Cities
FusionResto,11.29,985000000,94156,One-time Purchase,E-commerce Integration,Rural Areas
FusionResto,13.98,958000000,164379,One-time Purchase,Enterprise Solutions,Rural Areas
SnapBizz,17.71,300000000,52922,Subscription,Integrated Payments,Rural Areas
Ezetap,17.85,773000000,199152,Subscription,Mobile POS,Metropolitan Cities
Vend,5.12,340000000,98348,Subscription,Merchant Financing,Metropolitan Cities
Mswipe,13.0,694000000,84335,Subscription,Mobile POS,Tier 1 Cities
Unicommerce,10.89,250000000,31312,One-time Purchase,Analytics,Rural Areas
Shopify POS,21.89,846000000,71985,Subscription,Inventory Management,Metropolitan Cities
Tally,16.15,375000000,135744,One-time Purchase,Enterprise Solutions,Tier 1 Cities
SnapBizz,13.78,560000000,193680,Subscription,Mobile POS,Tier 1 Cities
Pine Labs,3.77,458000000,105963,Subscription,Analytics,Rural Areas
Razorpay,15.54,656000000,176349,Subscription,Customer Loyalty,Tier 2 Cities
FusionResto,3.81,839000000,36551,Subscription,Analytics,Rural Areas
Logic ERP,9.09,990000000,94813,One-time Purchase,Merchant Financing,Tier 2 Cities
RetailGraph,4.43,886000000,192669,One-time Purchase,Enterprise Solutions,Tier 1 Cities
Ezetap,17.61,557000000,106025,Subscription,Enterprise Solutions,Metropolitan Cities
Paytm,5.95,780000000,129342,One-time Purchase,Analytics,Nationwide
Just Billing,10.4,650000000,181284,One-time Purchase,Merchant Financing,Tier 1 Cities
Logic ERP,22.5,121000000,14637,Subscription,Analytics,Metropolitan Cities
Razorpay,5.9,296000000,48258,Subscription,Enterprise Solutions,Tier 1 Cities
Retail Pro,13.19,690000000,171765,One-time Purchase,Enterprise Solutions,Rural Areas
Just Billing,11.06,773000000,145896,One-time Purchase,Integrated Payments,Tier 2 Cities
Gofrugal,1.43,989000000,134553,One-time Purchase,Analytics,Tier 1 Cities
RetailNext,20.03,904000000,31950,One-time Purchase,E-commerce Integration,Metropolitan Cities
RetailGraph,2.66,657000000,159560,Subscription,Analytics,Rural Areas
SnapBizz,12.38,636000000,132870,Subscription,Enterprise Solutions,Nationwide
Marg ERP,14.46,984000000,5215,One-time Purchase,Integrated Payments,Rural Areas
Gofrugal,16.08,615000000,110603,Subscription,Integrated Payments,Tier 2 Cities
Ezetap,17.53,393000000,16523,One-time Purchase,Customer Loyalty,Rural Areas
Ezetap,7.08,974000000,73689,One-time Purchase,Merchant Financing,Nationwide
Gofrugal,1.24,103000000,28834,Subscription,Inventory Management,Metropolitan Cities
Ezetap,18.36,779000000,39474,One-time Purchase,Mobile POS,Tier 1 Cities
Paytm,13.86,577000000,48066,One-time Purchase,Mobile POS,Tier 2 Cities
SnapBizz,21.07,660000000,15400,Subscription,Analytics,Nationwide
Razorpay,20.71,581000000,130211,Subscription,Customer Loyalty,Tier 2 Cities
RetailGraph,21.24,607000000,15345,One-time Purchase,Analytics,Rural Areas
Petpooja,12.64,242000000,38896,One-time Purchase,Mobile POS,Tier 2 Cities
FusionResto,9.01,944000000,33899,Subscription,Merchant Financing,Nationwide
Logic ERP,20.0,107000000,33229,One-time Purchase,Enterprise Solutions,Tier 1 Cities
Marg ERP,11.83,486000000,10583,One-time Purchase,Merchant Financing,Tier 1 Cities
Shopify POS,5.4,160000000,140969,Subscription,Merchant Financing,Tier 2 Cities
FusionResto,21.52,178000000,76537,Subscription,Integrated Payments,Metropolitan Cities
Logic ERP,22.18,898000000,140639,Subscription,Enterprise Solutions,Tier 2 Cities
Unicommerce,12.19,755000000,79807,Subscription,Inventory Management,Rural Areas
Razorpay,2.82,974000000,134648,Subscription,Enterprise Solutions,Tier 1 Cities
Ezetap,10.31,901000000,117652,Subscription,Customer Loyalty,Tier 1 Cities
Ezetap,20.28,375000000,149401,One-time Purchase,Integrated Payments,Tier 1 Cities
Petpooja,22.64,57000000,76792,One-time Purchase,Inventory Management,Metropolitan Cities
FusionResto,5.88,78000000,136300,Subscription,Customer Loyalty,Metropolitan Cities
Logic ERP,2.61,161000000,42052,Subscription,Customer Loyalty,Nationwide
Mswipe,22.06,996000000,193841,One-time Purchase,Mobile POS,Tier 2 Cities
Logic ERP,10.35,722000000,51032,One-time Purchase,Integrated Payments,Tier 2 Cities
RetailNext,14.0,180000000,38686,One-time Purchase,Customer Loyalty,Rural Areas
Paytm,24.23,237000000,81981,Subscription,E-commerce Integration,Tier 1 Cities
Gofrugal,2.6,724000000,103802,Subscription,Merchant Financing,Metropolitan Cities
Mswipe,16.56,758000000,199333,One-time Purchase,Customer Loyalty,Rural Areas
Logic ERP,2.78,524000000,138881,Subscription,Inventory Management,Rural Areas
RetailNext,10.01,413000000,177857,Subscription,Mobile POS,Metropolitan Cities
FusionResto,20.29,253000000,172619,Subscription,Analytics,Tier 2 Cities
Retail Pro,11.4,261000000,47818,One-time Purchase,Merchant Financing,Tier 1 Cities
Tally,24.93,670000000,105422,One-time Purchase,Mobile POS,Tier 2 Cities
Tally,14.42,325000000,76927,Subscription,Analytics,Rural Areas
Just Billing,8.71,122000000,84465,Subscription,Integrated Payments,Tier 1 Cities
Posiflex,6.28,728000000,118221,Subscription,Integrated Payments,Nationwide
Razorpay,9.41,821000000,42333,Subscription,Customer Loyalty,Rural Areas
RetailNext,9.94,292000000,131457,Subscription,E-commerce Integration,Tier 2 Cities
Pine Labs,2.65,836000000,21576,One-time Purchase,Integrated Payments,Tier 2 Cities
Paytm,9.87,151000000,124875,Subscription,Enterprise Solutions,Tier 2 Cities
Logic ERP,12.14,734000000,44405,Subscription,Customer Loyalty,Metropolitan Cities
Marg ERP,18.35,220000000,99000,Subscription,Merchant Financing,Rural Areas
Mswipe,16.76,702000000,36601,One-time Purchase,Mobile POS,Tier 1 Cities
Just Billing,18.01,958000000,72946,One-time Purchase,Integrated Payments,Tier 2 Cities
Razorpay,1.2,237000000,57116,Subscription,Enterprise Solutions,Tier 2 Cities
RetailNext,6.22,490000000,109186,One-time Purchase,Mobile POS,Metropolitan Cities
FusionResto,16.88,135000000,67894,One-time Purchase,Mobile POS,Tier 1 Cities
Paytm,12.62,525000000,170707,One-time Purchase,E-commerce Integration,Rural Areas
RetailGraph,1.13,101000000,12465,One-time Purchase,Integrated Payments,Nationwide
Vend,20.31,160000000,61754,One-time Purchase,Mobile POS,Metropolitan Cities
RetailNext,19.55,998000000,97850,One-time Purchase,E-commerce Integration,Rural Areas
Ezetap,14.16,926000000,114765,Subscription,E-commerce Integration,Nationwide
Posiflex,2.6,903000000,97691,One-time Purchase,Integrated Payments,Tier 2 Cities
Vend,19.4,92000000,43871,One-time Purchase,E-commerce Integration,Tier 2 Cities
Ezetap,15.01,260000000,198946,Subscription,Integrated Payments,Tier 1 Cities
FusionResto,19.77,249000000,34511,Subscription,Enterprise Solutions,Nationwide
Ezetap,19.04,859000000,85960,Subscription,Integrated Payments,Tier 2 Cities
Razorpay,20.27,907000000,184893,Subscription,Analytics,Tier 2 Cities
RetailNext,13.43,801000000,70776,One-time Purchase,Mobile POS,Tier 1 Cities
Mswipe,4.37,676000000,49462,One-time Purchase,Enterprise Solutions,Rural Areas
Just Billing,17.11,75000000,197454,One-time Purchase,Inventory Management,Tier 2 Cities
Logic ERP,15.89,968000000,37574,One-time Purchase,Integrated Payments,Metropolitan Cities
Marg ERP,18.81,348000000,107072,Subscription,Mobile POS,Metropolitan Cities
Tally,5.08,126000000,177982,One-time Purchase,Merchant Financing,Rural Areas
Just Billing,5.68,973000000,161258,One-time Purchase,E-commerce Integration,Nationwide
Posiflex,22.37,186000000,158885,Subscription,Customer Loyalty,Tier 1 Cities
Ezetap,19.0,69000000,83282,One-time Purchase,Integrated Payments,Metropolitan Cities
FusionResto,22.8,489000000,114779,One-time Purchase,E-commerce Integration,Metropolitan Cities
Shopify POS,19.21,260000000,23557,One-time Purchase,E-commerce Integration,Rural Areas
Petpooja,15.33,801000000,164132,One-time Purchase,E-commerce Integration,Nationwide
Retail Pro,16.7,600000000,194938,Subscription,E-commerce Integration,Nationwide
Tally,22.34,484000000,77104,Subscription,E-commerce Integration,Rural Areas
SnapBizz,14.89,829000000,142152,Subscription,Integrated Payments,Metropolitan Cities
FusionResto,16.18,256000000,149926,Subscription,Merchant Financing,Tier 1 Cities
RetailNext,4.76,488000000,127013,Subscription,Inventory Management,Metropolitan Cities
RetailNext,12.37,828000000,163097,One-time Purchase,Analytics,Nationwide
Unicommerce,18.19,715000000,189054,One-time Purchase,E-commerce Integration,Metropolitan Cities
Tally,7.5,91000000,46081,Subscription,E-commerce Integration,Tier 1 Cities
Tally,5.85,460000000,140440,Subscription,Analytics,Tier 2 Cities
Shopify POS,8.53,572000000,124181,Subscription,Merchant Financing,Metropolitan Cities
SnapBizz,6.8,855000000,32094,One-time Purchase,Enterprise Solutions,Rural Areas
Razorpay,6.16,659000000,182112,Subscription,Merchant Financing,Tier 2 Cities
SnapBizz,11.2,476000000,71766,One-time Purchase,Enterprise Solutions,Rural Areas
Just Billing,22.79,324000000,88053,One-time Purchase,Integrated Payments,Rural Areas
Pine Labs,13.17,497000000,160063,One-time Purchase,Mobile POS,Rural Areas
Marg ERP,5.51,951000000,6301,One-time Purchase,Customer Loyalty,Metropolitan Cities
Just Billing,2.85,991000000,164682,Subscription,Customer Loyalty,Nationwide
RetailNext,17.71,933000000,86463,One-time Purchase,Mobile POS,Tier 2 Cities
RetailGraph,10.19,791000000,170750,One-time Purchase,Integrated Payments,Tier 1 Cities
FusionResto,20.72,418000000,29466,Subscription,Customer Loyalty,Nationwide
RetailNext,16.83,987000000,176947,One-time Purchase,Merchant Financing,Metropolitan Cities
Retail Pro,20.11,269000000,31081,One-time Purchase,Analytics,Rural Areas
RetailGraph,7.53,626000000,29354,One-time Purchase,Mobile POS,Tier 1 Cities
RetailNext,17.62,916000000,98297,Subscription,Merchant Financing,Tier 2 Cities
Marg ERP,7.34,281000000,23300,One-time Purchase,Inventory Management,Nationwide
Marg ERP,23.54,377000000,69384,One-time Purchase,Integrated Payments,Nationwide
Razorpay,16.27,492000000,100027,Subscription,Mobile POS,Tier 1 Cities
Posiflex,8.79,101000000,126684,Subscription,Customer Loyalty,Metropolitan Cities
Logic ERP,7.47,935000000,65892,One-time Purchase,Integrated Payments,Tier 2 Cities
Paytm,5.58,992000000,40525,One-time Purchase,Analytics,Tier 1 Cities
Unicommerce,17.67,425000000,162604,Subscription,Integrated Payments,Rural Areas
Petpooja,6.25,312000000,11464,One-time Purchase,Integrated Payments,Tier 2 Cities
Vend,15.29,316000000,21562,Subscription,Analytics,Nationwide
Shopify POS,7.35,408000000,112392,One-time Purchase,E-commerce Integration,Tier 1 Cities
Logic ERP,16.89,366000000,60514,Subscription,Analytics,Nationwide
FusionResto,20.56,373000000,118428,One-time Purchase,Merchant Financing,Nationwide
FusionResto,19.67,970000000,117564,Subscription,Integrated Payments,Nationwide
FusionResto,19.26,957000000,113047,Subscription,Enterprise Solutions,Metropolitan Cities
Pine Labs,5.51,715000000,37634,Subscription,Analytics,Nationwide
Vend,3.12,919000000,5060,Subscription,E-commerce Integration,Rural Areas
RetailNext,17.77,927000000,14269,Subscription,Merchant Financing,Rural Areas
SnapBizz,9.84,701000000,199215,One-time Purchase,Enterprise Solutions,Tier 2 Cities
Paytm,11.38,988000000,28065,One-time Purchase,Enterprise Solutions,Nationwide
Ezetap,1.75,612000000,7895,Subscription,Mobile POS,Nationwide
Logic ERP,7.23,678000000,85859,One-time Purchase,Analytics,Tier 1 Cities
Marg ERP,1.81,470000000,148424,One-time Purchase,Analytics,Metropolitan Cities
Retail Pro,22.1,95000000,185809,One-time Purchase,Integrated Payments,Tier 2 Cities
Unicommerce,6.84,870000000,109127,One-time Purchase,Merchant Financing,Nationwide
RetailGraph,14.38,649000000,101426,One-time Purchase,Mobile POS,Tier 1 Cities
Just Billing,1.94,769000000,168088,One-time Purchase,Inventory Management,Metropolitan Cities
Paytm,17.0,938000000,197376,Subscription,Inventory Management,Tier 2 Cities
Gofrugal,8.75,318000000,16962,One-time Purchase,Customer Loyalty,Tier 2 Cities
Gofrugal,22.55,650000000,38302,One-time Purchase,Analytics,Nationwide
Unicommerce,22.31,430000000,90382,One-time Purchase,Analytics,Tier 2 Cities
Tally,8.81,167000000,9011,Subscription,Mobile POS,Tier 1 Cities
Mswipe,22.62,615000000,134716,One-time Purchase,E-commerce Integration,Tier 2 Cities
Petpooja,24.91,165000000,24782,One-time Purchase,Inventory Management,Rural Areas
Paytm,20.81,679000000,125654,One-time Purchase,Customer Loyalty,Tier 1 Cities
Marg ERP,21.28,309000000,175797,Subscription,Mobile POS,Metropolitan Cities
Paytm,6.98,124000000,14196,One-time Purchase,Analytics,Metropolitan Cities
RetailNext,14.84,529000000,48459,Subscription,Inventory Management,Nationwide
RetailGraph,2.61,354000000,92245,One-time Purchase,Merchant Financing,Nationwide
Vend,3.28,56000000,83863,Subscription,Customer Loyalty,Rural Areas
FusionResto,24.97,415000000,128206,Subscription,Integrated Payments,Metropolitan Cities
Vend,8.84,683000000,106010,Subscription,Inventory Management,Metropolitan Cities
Posiflex,18.96,572000000,37769,One-time Purchase,Customer Loyalty,Metropolitan Cities
Posiflex,20.36,397000000,112529,Subscription,Mobile POS,Metropolitan Cities
Paytm,21.59,487000000,29700,Subscription,Integrated Payments,Tier 2 Cities
Pine Labs,24.94,264000000,10269,Subscription,Customer Loyalty,Tier 1 Cities
Razorpay,6.8,478000000,126631,Subscription,Customer Loyalty,Tier 1 Cities
Ezetap,1.97,840000000,48880,One-time Purchase,Enterprise Solutions,Rural Areas
Pine Labs,10.87,547000000,119003,One-time Purchase,Enterprise Solutions,Tier 2 Cities
Marg ERP,4.12,589000000,144392,One-time Purchase,Enterprise Solutions,Metropolitan Cities
Ezetap,1.54,796000000,54589,One-time Purchase,Analytics,Metropolitan Cities
Logic ERP,9.65,416000000,40897,Subscription,E-commerce Integration,Nationwide
Vend,19.81,362000000,194637,One-time Purchase,Inventory Management,Nationwide
Vend,14.59,587000000,167002,Subscription,Analytics,Rural Areas
Ezetap,8.51,970000000,193305,One-time Purchase,Merchant Financing,Metropolitan Cities
Petpooja,16.7,103000000,19380,One-time Purchase,Integrated Payments,Rural Areas
Pine Labs,6.57,590000000,75934,One-time Purchase,E-commerce Integration,Tier 2 Cities
Razorpay,1.35,516000000,60830,Subscription,Customer Loyalty,Tier 1 Cities
Paytm,19.34,914000000,10529,One-time Purchase,Analytics,Metropolitan Cities
Mswipe,15.97,213000000,99598,One-time Purchase,Enterprise Solutions,Tier 2 Cities
Vend,19.3,831000000,87987,One-time Purchase,E-commerce Integration,Metropolitan Cities
Petpooja,1.93,383000000,54178,Subscription,Merchant Financing,Nationwide
Mswipe,21.09,596000000,143009,One-time Purchase,Inventory Management,Rural Areas
Retail Pro,15.87,847000000,126952,One-time Purchase,Merchant Financing,Nationwide
Retail Pro,14.52,397000000,44886,Subscription,Integrated Payments,Tier 1 Cities
Razorpay,15.99,322000000,54699,Subscription,Mobile POS,Nationwide
SnapBizz,21.75,769000000,81396,One-time Purchase,Analytics,Metropolitan Cities
Just Billing,15.09,799000000,95678,One-time Purchase,Enterprise Solutions,Nationwide
Paytm,14.94,463000000,30279,One-time Purchase,Integrated Payments,Metropolitan Cities
Vend,24.78,549000000,174178,Subscription,Mobile POS,Tier 1 Cities
Paytm,19.16,142000000,115776,Subscription,Enterprise Solutions,Nationwide
Retail Pro,11.62,734000000,106444,Subscription,Enterprise Solutions,Rural Areas
Logic ERP,17.98,128000000,111300,One-time Purchase,Enterprise Solutions,Rural Areas
Logic ERP,10.34,671000000,118793,Subscription,Analytics,Rural Areas
Mswipe,6.49,266000000,121278,One-time Purchase,Integrated Payments,Nationwide
Logic ERP,15.32,996000000,176616,Subscription,Enterprise Solutions,Nationwide
RetailNext,23.28,407000000,108247,Subscription,Merchant Financing,Nationwide
SnapBizz,23.3,667000000,13997,Subscription,Integrated Payments,Metropolitan Cities
Unicommerce,9.21,556000000,111102,One-time Purchase,E-commerce Integration,Tier 1 Cities
Mswipe,13.66,608000000,90711,One-time Purchase,Merchant Financing,Rural Areas
Vend,6.08,230000000,121045,One-time Purchase,Analytics,Metropolitan Cities
FusionResto,24.9,625000000,45860,One-time Purchase,Enterprise Solutions,Rural Areas
Mswipe,24.55,295000000,8225,Subscription,Integrated Payments,Metropolitan Cities
Gofrugal,16.59,293000000,115114,One-time Purchase,Customer Loyalty,Nationwide
Unicommerce,20.31,555000000,195542,Subscription,Analytics,Rural Areas
SnapBizz,18.16,471000000,118218,One-time Purchase,Integrated Payments,Nationwide
Mswipe,15.24,369000000,105764,One-time Purchase,E-commerce Integration,Rural Areas
Mswipe,2.28,136000000,112041,Subscription,Enterprise Solutions,Tier 2 Cities
Logic ERP,11.91,266000000,117224,Subscription,Mobile POS,Metropolitan Cities
Marg ERP,17.19,539000000,68656,One-time Purchase,Enterprise Solutions,Tier 2 Cities
Mswipe,17.26,568000000,187952,One-time Purchase,Mobile POS,Metropolitan Cities
Posiflex,9.95,327000000,197150,Subscription,Customer Loyalty,Tier 1 Cities
Paytm,23.6,898000000,81290,Subscription,Analytics,Rural Areas
Vend,5.02,771000000,61633,Subscription,E-commerce Integration,Tier 1 Cities
Retail Pro,13.01,218000000,31655,Subscription,Integrated Payments,Tier 1 Cities
Posiflex,17.58,379000000,126118,Subscription,Integrated Payments,Metropolitan Cities
Posiflex,17.73,699000000,179673,One-time Purchase,Mobile POS,Tier 2 Cities
Pine Labs,16.57,490000000,8114,One-time Purchase,E-commerce Integration,Nationwide
FusionResto,7.61,440000000,31502,One-time Purchase,Merchant Financing,Metropolitan Cities
Petpooja,4.75,545000000,54768,One-time Purchase,Customer Loyalty,Nationwide
Logic ERP,16.26,430000000,53128,Subscription,Mobile POS,Tier 1 Cities
RetailNext,15.38,355000000,156100,Subscription,Mobile POS,Nationwide
RetailNext,5.3,791000000,191637,Subscription,Customer Loyalty,Tier 2 Cities
FusionResto,17.92,869000000,88123,One-time Purchase,Analytics,Metropolitan Cities
Gofrugal,11.92,722000000,113255,Subscription,Integrated Payments,Tier 2 Cities
Gofrugal,17.03,562000000,171405,Subscription,Analytics,Tier 2 Cities
Razorpay,21.1,797000000,8174,One-time Purchase,E-commerce Integration,Metropolitan Cities
Vend,5.07,998000000,122769,One-time Purchase,Merchant Financing,Tier 2 Cities
Shopify POS,1.46,237000000,40398,One-time Purchase,Enterprise Solutions,Rural Areas
Shopify POS,19.7,979000000,172001,Subscription,Inventory Management,Rural Areas
RetailGraph,15.63,565000000,140393,Subscription,Inventory Management,Rural Areas
Retail Pro,17.79,962000000,128549,One-time Purchase,Inventory Management,Nationwide
RetailGraph,21.12,693000000,191493,One-time Purchase,Customer Loyalty,Tier 2 Cities
Retail Pro,20.27,476000000,77635,Subscription,Mobile POS,Metropolitan Cities
Shopify POS,24.06,551000000,28760,One-time Purchase,Merchant Financing,Metropolitan Cities
Marg ERP,13.86,779000000,147432,Subscription,Analytics,Nationwide
Razorpay,12.72,309000000,146385,One-time Purchase,Enterprise Solutions,Metropolitan Cities
Logic ERP,10.65,562000000,135674,One-time Purchase,Integrated Payments,Rural Areas
Vend,4.69,120000000,141873,One-time Purchase,Inventory Management,Tier 2 Cities
RetailGraph,14.74,527000000,19130,Subscription,Analytics,Metropolitan Cities
Tally,7.65,227000000,150343,Subscription,Inventory Management,Metropolitan Cities
Retail Pro,23.11,506000000,152147,One-time Purchase,Merchant Financing,Tier 1 Cities
Mswipe,15.0,238000000,112215,Subscription,Inventory Management,Tier 1 Cities
RetailGraph,15.23,340000000,155056,One-time Purchase,Integrated Payments,Tier 1 Cities
Mswipe,9.52,569000000,93095,One-time Purchase,Enterprise Solutions,Tier 2 Cities
Just Billing,2.25,814000000,65942,Subscription,E-commerce Integration,Rural Areas
Petpooja,1.76,969000000,148933,Subscription,E-commerce Integration,Rural Areas
Tally,11.16,341000000,103970,Subscription,Merchant Financing,Rural Areas
FusionResto,3.03,995000000,87203,Subscription,E-commerce Integration,Tier 2 Cities
Marg ERP,15.56,805000000,197319,One-time Purchase,Customer Loyalty,Tier 2 Cities
FusionResto,22.14,684000000,157049,Subscription,Mobile POS,Tier 1 Cities
RetailGraph,22.19,860000000,186689,Subscription,Customer Loyalty,Metropolitan Cities
SnapBizz,16.82,332000000,193545,One-time Purchase,Analytics,Nationwide
FusionResto,6.07,593000000,93177,One-time Purchase,Customer Loyalty,Nationwide
RetailGraph,21.71,895000000,77902,One-time Purchase,Analytics,Metropolitan Cities
Vend,22.27,426000000,97172,One-time Purchase,Analytics,Tier 1 Cities
Petpooja,5.72,707000000,151702,Subscription,Mobile POS,Metropolitan Cities
SnapBizz,18.7,205000000,25056,Subscription,Integrated Payments,Metropolitan Cities
Ezetap,7.88,557000000,143454,One-time Purchase,Enterprise Solutions,Nationwide
Tally,20.26,462000000,60739,One-time Purchase,Merchant Financing,Tier 1 Cities
Just Billing,24.93,577000000,86685,Subscription,Mobile POS,Tier 2 Cities
Pine Labs,1.72,404000000,53639,Subscription,Merchant Financing,Nationwide
Just Billing,22.54,608000000,195910,Subscription,E-commerce Integration,Tier 2 Cities
RetailNext,15.94,812000000,182113,Subscription,E-commerce Integration,Tier 1 Cities
Petpooja,24.36,236000000,5992,Subscription,Customer Loyalty,Metropolitan Cities
Mswipe,12.16,80000000,77394,One-time Purchase,Analytics,Rural Areas
Tally,21.34,309000000,72657,One-time Purchase,Inventory Management,Rural Areas
Razorpay,2.5,470000000,32160,One-time Purchase,Inventory Management,Tier 1 Cities
Razorpay,9.05,578000000,50156,One-time Purchase,Merchant Financing,Rural Areas
RetailGraph,2.61,600000000,187447,Subscription,Analytics,Tier 2 Cities
Marg ERP,24.41,353000000,91442,One-time Purchase,Merchant Financing,Rural Areas
RetailNext,20.61,991000000,155644,Subscription,Mobile POS,Tier 1 Cities
Logic ERP,21.46,993000000,122925,Subscription,Integrated Payments,Tier 1 Cities
RetailNext,23.51,88000000,9136,Subscription,Enterprise Solutions,Tier 2 Cities
FusionResto,3.04,538000000,66868,Subscription,Mobile POS,Rural Areas
SnapBizz,10.25,693000000,87263,Subscription,Analytics,Rural Areas
Unicommerce,2.7,591000000,37167,Subscription,Analytics,Metropolitan Cities
Tally,6.06,719000000,115957,Subscription,Integrated Payments,Nationwide
RetailNext,6.5,327000000,20479,One-time Purchase,Merchant Financing,Tier 1 Cities
Ezetap,12.26,252000000,124392,Subscription,Customer Loyalty,Metropolitan Cities
FusionResto,7.45,115000000,167448,One-time Purchase,Customer Loyalty,Tier 1 Cities
Pine Labs,3.42,157000000,140895,One-time Purchase,Integrated Payments,Metropolitan Cities
Gofrugal,5.02,317000000,24585,Subscription,Customer Loyalty,Nationwide
Marg ERP,4.53,271000000,153344,Subscription,Inventory Management,Metropolitan Cities
Just Billing,24.35,853000000,31619,One-time Purchase,Customer Loyalty,Tier 1 Cities
Logic ERP,19.22,579000000,80069,One-time Purchase,Customer Loyalty,Rural Areas
Ezetap,24.23,139000000,44895,One-time Purchase,Customer Loyalty,Tier 1 Cities
Pine Labs,11.55,742000000,8720,One-time Purchase,Inventory Management,Tier 2 Cities
Tally,7.68,304000000,24267,Subscription,Merchant Financing,Tier 2 Cities
Just Billing,20.16,504000000,151768,Subscription,Customer Loyalty,Tier 2 Cities
FusionResto,8.83,302000000,166040,Subscription,E-commerce Integration,Tier 2 Cities
Razorpay,8.19,306000000,58364,One-time Purchase,Inventory Management,Nationwide
Marg ERP,6.58,432000000,159417,Subscription,Integrated Payments,Rural Areas
Petpooja,4.11,491000000,56567,One-time Purchase,Mobile POS,Rural Areas
Shopify POS,7.16,907000000,96229,Subscription,Integrated Payments,Tier 1 Cities
RetailNext,9.53,648000000,197679,One-time Purchase,Mobile POS,Metropolitan Cities
RetailNext,17.18,139000000,155457,Subscription,Enterprise Solutions,Tier 1 Cities
Tally,2.5,798000000,83518,Subscription,Integrated Payments,Tier 1 Cities
Ezetap,6.05,439000000,87844,One-time Purchase,E-commerce Integration,Tier 1 Cities
Gofrugal,20.42,631000000,168991,One-time Purchase,Mobile POS,Tier 1 Cities
FusionResto,4.53,93000000,95697,One-time Purchase,Mobile POS,Rural Areas
Ezetap,9.22,761000000,62196,One-time Purchase,Analytics,Metropolitan Cities
Unicommerce,21.75,713000000,120600,One-time Purchase,Mobile POS,Tier 1 Cities
Posiflex,4.72,647000000,105625,Subscription,Mobile POS,Rural Areas
Petpooja,2.99,68000000,136567,One-time Purchase,Analytics,Tier 1 Cities
Paytm,12.63,150000000,49755,Subscription,Customer Loyalty,Tier 2 Cities
Marg ERP,8.26,963000000,38324,Subscription,Customer Loyalty,Tier 1 Cities
Unicommerce,14.52,656000000,83929,Subscription,Analytics,Tier 1 Cities
RetailGraph,20.29,815000000,137624,Subscription,Inventory Management,Nationwide
Retail Pro,4.29,406000000,56272,Subscription,Enterprise Solutions,Tier 2 Cities
Paytm,14.94,591000000,171925,One-time Purchase,Mobile POS,Metropolitan Cities
Tally,13.13,810000000,168996,One-time Purchase,Mobile POS,Tier 1 Cities
Petpooja,4.46,987000000,79462,Subscription,Analytics,Metropolitan Cities
Posiflex,15.98,82000000,159961,Subscription,Analytics,Tier 2 Cities
Petpooja,7.57,278000000,59675,One-time Purchase,Inventory Management,Tier 1 Cities
Logic ERP,12.71,573000000,78591,One-time Purchase,E-commerce Integration,Nationwide
RetailGraph,2.97,679000000,158706,Subscription,Customer Loyalty,Rural Areas
Ezetap,12.03,911000000,37363,One-time Purchase,Integrated Payments,Nationwide
Logic ERP,8.36,204000000,199824,One-time Purchase,E-commerce Integration,Nationwide
Razorpay,20.74,472000000,82004,One-time Purchase,Merchant Financing,Rural Areas
Mswipe,2.37,954000000,192470,Subscription,Customer Loyalty,Rural Areas
Unicommerce,11.05,295000000,45718,One-time Purchase,Mobile POS,Rural Areas
Petpooja,12.0,454000000,118627,Subscription,Merchant Financing,Tier 1 Cities
Petpooja,18.4,893000000,31870,Subscription,E-commerce Integration,Metropolitan Cities
SnapBizz,14.78,808000000,42394,Subscription,Analytics,Metropolitan Cities
Just Billing,17.01,590000000,57057,Subscription,Inventory Management,Rural Areas
Pine Labs,19.65,210000000,84795,Subscription,Customer Loyalty,Nationwide
Razorpay,21.69,796000000,85409,One-time Purchase,Inventory Management,Tier 2 Cities
Logic ERP,8.53,751000000,18016,Subscription,Merchant Financing,Rural Areas
Logic ERP,13.91,166000000,47137,Subscription,Customer Loyalty,Nationwide
Logic ERP,21.16,320000000,136225,Subscription,Enterprise Solutions,Nationwide
Mswipe,24.75,819000000,143925,One-time Purchase,Enterprise Solutions,Tier 1 Cities
Petpooja,22.35,741000000,17379,One-time Purchase,E-commerce Integration,Tier 1 Cities
Vend,9.92,536000000,151864,One-time Purchase,Mobile POS,Metropolitan Cities
Posiflex,5.68,934000000,126169,One-time Purchase,Enterprise Solutions,Metropolitan Cities
Razorpay,12.75,221000000,174439,One-time Purchase,Enterprise Solutions,Tier 2 Cities
RetailGraph,18.8,999000000,154172,One-time Purchase,Integrated Payments,Tier 2 Cities
Paytm,12.82,323000000,131082,One-time Purchase,Inventory Management,Tier 2 Cities
SnapBizz,12.6,308000000,118089,Subscription,Inventory Management,Tier 2 Cities
Tally,21.12,184000000,199528,Subscription,Enterprise Solutions,Nationwide
Tally,9.67,732000000,16049,One-time Purchase,Integrated Payments,Nationwide
Vend,21.64,771000000,136858,Subscription,Inventory Management,Metropolitan Cities
Pine Labs,10.76,797000000,166771,Subscription,Inventory Management,Tier 1 Cities
Razorpay,8.88,471000000,127784,One-time Purchase,Customer Loyalty,Tier 1 Cities
Just Billing,11.9,470000000,52691,Subscription,Customer Loyalty,Rural Areas
Paytm,19.3,235000000,173112,Subscription,Integrated Payments,Nationwide
Logic ERP,4.02,978000000,62986,One-time Purchase,Merchant Financing,Tier 2 Cities
FusionResto,5.71,413000000,174834,Subscription,Mobile POS,Tier 2 Cities
Gofrugal,23.83,656000000,159672,One-time Purchase,E-commerce Integration,Rural Areas
Tally,5.21,427000000,99774,One-time Purchase,Enterprise Solutions,Tier 1 Cities
Marg ERP,14.63,572000000,155882,Subscription,Enterprise Solutions,Tier 2 Cities
Gofrugal,14.9,629000000,110315,Subscription,E-commerce Integration,Tier 1 Cities
Retail Pro,12.75,940000000,62204,Subscription,Enterprise Solutions,Rural Areas
Logic ERP,16.47,771000000,25085,One-time Purchase,Enterprise Solutions,Tier 1 Cities
Ezetap,6.52,245000000,182926,One-time Purchase,Merchant Financing,Tier 1 Cities
SnapBizz,14.26,930000000,175851,One-time Purchase,Inventory Management,Tier 1 Cities
Mswipe,9.93,147000000,192279,Subscription,Mobile POS,Tier 2 Cities
FusionResto,16.88,654000000,38980,Subscription,Enterprise Solutions,Metropolitan Cities
Razorpay,4.39,71000000,61117,One-time Purchase,Integrated Payments,Nationwide
Retail Pro,14.7,499000000,150213,Subscription,Merchant Financing,Tier 1 Cities
Gofrugal,5.45,221000000,145416,Subscription,Enterprise Solutions,Tier 1 Cities
Paytm,7.69,432000000,20896,One-time Purchase,Integrated Payments,Tier 1 Cities
Paytm,6.25,183000000,94353,One-time Purchase,Customer Loyalty,Metropolitan Cities
Marg ERP,5.39,475000000,34813,Subscription,Inventory Management,Rural Areas
SnapBizz,20.82,74000000,70679,One-time Purchase,Analytics,Tier 2 Cities
FusionResto,7.86,552000000,146753,Subscription,Enterprise Solutions,Metropolitan Cities
Tally,23.25,234000000,8228,One-time Purchase,Integrated Payments,Tier 1 Cities
Shopify POS,24.28,134000000,140654,One-time Purchase,Merchant Financing,Metropolitan Cities
Just Billing,14.71,616000000,16397,One-time Purchase,Inventory Management,Metropolitan Cities
Razorpay,4.43,812000000,174871,Subscription,Mobile POS,Metropolitan Cities
SnapBizz,9.99,193000000,42011,Subscription,Merchant Financing,Rural Areas
Pine Labs,20.15,912000000,84183,One-time Purchase,Customer Loyalty,Nationwide
Shopify POS,9.82,959000000,98254,One-time Purchase,E-commerce Integration,Tier 2 Cities
Unicommerce,3.09,728000000,180336,One-time Purchase,Enterprise Solutions,Rural Areas
Marg ERP,14.36,461000000,47317,Subscription,Mobile POS,Rural Areas
FusionResto,21.28,273000000,183986,One-time Purchase,Integrated Payments,Nationwide
Vend,20.1,269000000,107489,One-time Purchase,Enterprise Solutions,Rural Areas
Tally,5.2,228000000,181326,One-time Purchase,Integrated Payments,Metropolitan Cities
Gofrugal,17.15,680000000,45096,One-time Purchase,Mobile POS,Metropolitan Cities
Marg ERP,6.29,482000000,58785,Subscription,Integrated Payments,Tier 1 Cities
Petpooja,6.24,314000000,57344,Subscription,Merchant Financing,Rural Areas
Mswipe,21.98,478000000,125382,One-time Purchase,Inventory Management,Tier 1 Cities
Ezetap,6.99,711000000,164484,Subscription,Integrated Payments,Tier 2 Cities
SnapBizz,7.32,465000000,115489,Subscription,Customer Loyalty,Metropolitan Cities
Posiflex,1.02,502000000,187730,Subscription,Inventory Management,Tier 2 Cities
Pine Labs,21.9,776000000,185621,One-time Purchase,Merchant Financing,Nationwide
Posiflex,20.02,246000000,16549,Subscription,Enterprise Solutions,Metropolitan Cities
Shopify POS,16.06,603000000,30739,Subscription,Analytics,Tier 2 Cities
Tally,19.01,102000000,26209,Subscription,Enterprise Solutions,Nationwide
Unicommerce,4.65,529000000,112051,One-time Purchase,Integrated Payments,Tier 2 Cities
Unicommerce,12.0,492000000,20116,One-time Purchase,Integrated Payments,Nationwide
Just Billing,9.43,379000000,25045,Subscription,Customer Loyalty,Nationwide
Razorpay,3.25,300000000,162399,Subscription,Merchant Financing,Metropolitan Cities
Logic ERP,12.67,856000000,40709,One-time Purchase,Customer Loyalty,Tier 1 Cities
Posiflex,23.1,939000000,48617,One-time Purchase,E-commerce Integration,Nationwide
Razorpay,1.96,832000000,196211,Subscription,Merchant Financing,Nationwide
Marg ERP,8.0,974000000,162977,Subscription,Mobile POS,Metropolitan Cities
RetailNext,5.98,172000000,124779,One-time Purchase,Mobile POS,Tier 1 Cities
Petpooja,6.72,928000000,47919,One-time Purchase,Mobile POS,Rural Areas
Just Billing,22.8,436000000,88521,Subscription,Customer Loyalty,Rural Areas
Vend,12.23,388000000,194518,One-time Purchase,Mobile POS,Tier 1 Cities
Pine Labs,12.19,827000000,188500,Subscription,Merchant Financing,Tier 2 Cities
Vend,19.25,397000000,183966,Subscription,Mobile POS,Metropolitan Cities
Logic ERP,4.71,78000000,11447,Subscription,Analytics,Tier 1 Cities
Razorpay,12.69,84000000,10499,One-time Purchase,Mobile POS,Rural Areas
Vend,11.32,567000000,44041,Subscription,Integrated Payments,Nationwide
Paytm,15.33,445000000,36315,Subscription,E-commerce Integration,Rural Areas
Petpooja,24.99,672000000,137371,One-time Purchase,Customer Loyalty,Nationwide
Mswipe,19.47,343000000,125506,One-time Purchase,Inventory Management,Metropolitan Cities
Mswipe,10.55,638000000,141066,Subscription,E-commerce Integration,Nationwide
Logic ERP,20.86,398000000,143561,Subscription,Analytics,Tier 1 Cities
Marg ERP,5.1,196000000,96647,One-time Purchase,Customer Loyalty,Nationwide
Tally,1.73,116000000,37355,One-time Purchase,Merchant Financing,Tier 2 Cities
Razorpay,5.91,953000000,78805,One-time Purchase,Enterprise Solutions,Tier 1 Cities
Vend,9.17,569000000,73367,Subscription,Customer Loyalty,Metropolitan Cities
Petpooja,13.25,171000000,114906,Subscription,Integrated Payments,Tier 1 Cities
Ezetap,15.76,389000000,122409,Subscription,Merchant Financing,Tier 2 Cities
Shopify POS,22.85,224000000,82355,One-time Purchase,E-commerce Integration,Metropolitan Cities
RetailGraph,13.24,949000000,121220,Subscription,E-commerce Integration,Rural Areas
Just Billing,13.03,740000000,92173,One-time Purchase,Mobile POS,Tier 2 Cities
Marg ERP,2.21,646000000,6996,Subscription,Merchant Financing,Metropolitan Cities
Petpooja,1.84,500000000,49387,One-time Purchase,Enterprise Solutions,Nationwide
FusionResto,14.23,606000000,8089,Subscription,Integrated Payments,Tier 1 Cities
Tally,11.52,185000000,103827,Subscription,Mobile POS,Metropolitan Cities
Posiflex,21.14,904000000,25659,One-time Purchase,Mobile POS,Tier 1 Cities
Gofrugal,4.86,65000000,50178,One-time Purchase,Enterprise Solutions,Nationwide
Gofrugal,1.6,382000000,100965,Subscription,Customer Loyalty,Metropolitan Cities
Logic ERP,11.78,244000000,86268,One-time Purchase,E-commerce Integration,Rural Areas
RetailNext,6.7,545000000,90042,One-time Purchase,Mobile POS,Tier 2 Cities
Just Billing,2.19,58000000,111471,Subscription,Analytics,Metropolitan Cities
Logic ERP,18.39,877000000,75111,One-time Purchase,Analytics,Nationwide
Vend,3.68,383000000,170637,Subscription,E-commerce Integration,Metropolitan Cities
Vend,15.6,382000000,105435,Subscription,Analytics,Tier 1 Cities
Razorpay,7.75,376000000,94242,One-time Purchase,Enterprise Solutions,Metropolitan Cities
Marg ERP,5.16,64000000,118204,One-time Purchase,Customer Loyalty,Rural Areas
Just Billing,10.11,888000000,158956,Subscription,Integrated Payments,Metropolitan Cities
Just Billing,20.23,663000000,22199,Subscription,Inventory Management,Tier 2 Cities
Pine Labs,10.41,275000000,65038,Subscription,Mobile POS,Metropolitan Cities
FusionResto,19.02,474000000,62786,Subscription,Inventory Management,Tier 1 Cities
Marg ERP,4.01,839000000,114636,Subscription,Integrated Payments,Metropolitan Cities
Shopify POS,19.55,457000000,54294,Subscription,Integrated Payments,Rural Areas
SnapBizz,6.69,162000000,170250,One-time Purchase,Enterprise Solutions,Nationwide
Marg ERP,17.26,477000000,148737,One-time Purchase,Customer Loyalty,Metropolitan Cities
Petpooja,14.58,50000000,5534,One-time Purchase,Analytics,Metropolitan Cities
Retail Pro,23.3,315000000,96828,Subscription,Analytics,Tier 2 Cities
RetailGraph,10.3,540000000,41132,One-time Purchase,Enterprise Solutions,Rural Areas
FusionResto,2.59,257000000,120720,Subscription,Integrated Payments,Nationwide
RetailGraph,1.46,671000000,41110,Subscription,Customer Loyalty,Tier 1 Cities
Ezetap,20.84,761000000,194826,One-time Purchase,Customer Loyalty,Metropolitan Cities
Shopify POS,13.59,418000000,68580,Subscription,E-commerce Integration,Nationwide
Shopify POS,19.61,355000000,158541,Subscription,Merchant Financing,Tier 1 Cities
Petpooja,6.63,61000000,69016,Subscription,Mobile POS,Rural Areas
Just Billing,9.28,394000000,51233,Subscription,Enterprise Solutions,Rural Areas
Pine Labs,1.72,514000000,134863,Subscription,Merchant Financing,Nationwide
RetailGraph,24.08,749000000,194304,Subscription,Enterprise Solutions,Tier 1 Cities
SnapBizz,17.03,715000000,111311,One-time Purchase,Analytics,Rural Areas
Mswipe,23.4,543000000,39409,Subscription,Integrated Payments,Nationwide
Marg ERP,7.37,417000000,155396,Subscription,Enterprise Solutions,Rural Areas
Retail Pro,15.68,895000000,144810,Subscription,Enterprise Solutions,Rural Areas
Ezetap,17.28,986000000,29054,Subscription,E-commerce Integration,Rural Areas
SnapBizz,8.62,469000000,34709,One-time Purchase,Inventory Management,Tier 2 Cities
SnapBizz,21.35,938000000,114321,One-time Purchase,Analytics,Tier 1 Cities
RetailGraph,23.73,840000000,5363,Subscription,Mobile POS,Nationwide
Retail Pro,22.24,220000000,15358,Subscription,Customer Loyalty,Nationwide
Gofrugal,18.74,183000000,139312,Subscription,Integrated Payments,Tier 1 Cities
Retail Pro,7.66,476000000,50689,One-time Purchase,Analytics,Tier 1 Cities
Logic ERP,7.76,74000000,6936,One-time Purchase,Inventory Management,Tier 1 Cities
Paytm,24.12,579000000,117272,One-time Purchase,Enterprise Solutions,Tier 1 Cities
SnapBizz,1.25,239000000,96074,One-time Purchase,Mobile POS,Metropolitan Cities
Vend,18.19,190000000,180037,Subscription,Enterprise Solutions,Nationwide
Tally,17.95,604000000,5882,One-time Purchase,Mobile POS,Metropolitan Cities
Logic ERP,15.94,895000000,156296,One-time Purchase,E-commerce Integration,Rural Areas
Just Billing,24.76,845000000,110227,Subscription,Enterprise Solutions,Rural Areas
Tally,8.49,707000000,130865,Subscription,Analytics,Nationwide
Pine Labs,9.16,364000000,128745,One-time Purchase,Inventory Management,Rural Areas
FusionResto,2.89,493000000,166897,One-time Purchase,Mobile POS,Tier 1 Cities
Unicommerce,11.63,368000000,33885,One-time Purchase,Integrated Payments,Metropolitan Cities
Just Billing,7.27,490000000,176128,One-time Purchase,Mobile POS,Tier 1 Cities
Logic ERP,9.24,141000000,139275,Subscription,Inventory Management,Rural Areas
RetailGraph,21.03,228000000,196313,Subscription,Customer Loyalty,Metropolitan Cities
Just Billing,23.45,105000000,138316,One-time Purchase,Customer Loyalty,Tier 1 Cities
Tally,5.46,204000000,103322,One-time Purchase,E-commerce Integration,Nationwide
SnapBizz,9.94,721000000,73619,One-time Purchase,Analytics,Tier 1 Cities
Petpooja,23.29,160000000,26584,One-time Purchase,Inventory Management,Rural Areas
Unicommerce,2.48,186000000,13521,One-time Purchase,E-commerce Integration,Metropolitan Cities
Razorpay,3.22,281000000,186089,Subscription,Merchant Financing,Nationwide
Paytm,4.91,517000000,38541,Subscription,Mobile POS,Metropolitan Cities
Unicommerce,15.29,781000000,34063,Subscription,Merchant Financing,Nationwide
Tally,4.61,530000000,75268,One-time Purchase,Mobile POS,Metropolitan Cities
Just Billing,24.23,117000000,131218,One-time Purchase,Customer Loyalty,Rural Areas
Ezetap,11.72,863000000,123206,Subscription,E-commerce Integration,Nationwide
RetailGraph,13.04,298000000,175635,Subscription,Customer Loyalty,Tier 2 Cities
RetailNext,6.92,372000000,175824,One-time Purchase,Integrated Payments,Metropolitan Cities
SnapBizz,12.3,971000000,138639,Subscription,Merchant Financing,Metropolitan Cities
RetailGraph,16.89,953000000,152193,One-time Purchase,Merchant Financing,Tier 1 Cities
SnapBizz,19.03,567000000,137746,One-time Purchase,Customer Loyalty,Nationwide
Razorpay,19.09,841000000,81411,Subscription,Integrated Payments,Tier 2 Cities
Tally,14.87,481000000,114876,Subscription,Mobile POS,Rural Areas
RetailNext,22.7,536000000,165212,Subscription,E-commerce Integration,Tier 1 Cities
Mswipe,20.62,655000000,145399,One-time Purchase,Integrated Payments,Tier 2 Cities
FusionResto,19.17,478000000,28331,One-time Purchase,E-commerce Integration,Nationwide
Just Billing,2.33,318000000,28004,Subscription,Merchant Financing,Tier 2 Cities
Just Billing,1.17,758000000,124243,One-time Purchase,E-commerce Integration,Metropolitan Cities
Unicommerce,6.1,586000000,146564,One-time Purchase,Merchant Financing,Metropolitan Cities
Mswipe,16.92,197000000,190869,One-time Purchase,Integrated Payments,Tier 1 Cities
Mswipe,10.87,167000000,194167,Subscription,Merchant Financing,Nationwide
Vend,10.66,899000000,149821,One-time Purchase,Enterprise Solutions,Nationwide
Logic ERP,22.23,416000000,68217,Subscription,Analytics,Tier 2 Cities
Gofrugal,22.49,899000000,94044,Subscription,Merchant Financing,Tier 1 Cities
Vend,22.82,115000000,14045,One-time Purchase,Customer Loyalty,Nationwide
Razorpay,8.53,862000000,25116,Subscription,Integrated Payments,Metropolitan Cities
Marg ERP,17.59,419000000,23667,One-time Purchase,Enterprise Solutions,Tier 2 Cities
Pine Labs,7.52,224000000,80057,Subscription,Mobile POS,Rural Areas
Just Billing,5.57,880000000,79205,Subscription,E-commerce Integration,Metropolitan Cities
Posiflex,5.43,637000000,32302,One-time Purchase,Enterprise Solutions,Tier 1 Cities
FusionResto,9.21,544000000,147355,Subscription,Inventory Management,Nationwide
Shopify POS,11.32,163000000,167007,Subscription,Enterprise Solutions,Metropolitan Cities
RetailGraph,20.94,160000000,77534,Subscription,Integrated Payments,Rural Areas
Tally,3.88,810000000,167696,One-time Purchase,Enterprise Solutions,Rural Areas
Petpooja,18.64,488000000,18440,One-time Purchase,Enterprise Solutions,Tier 1 Cities
Ezetap,13.75,764000000,116001,Subscription,Customer Loyalty,Metropolitan Cities
Gofrugal,7.91,196000000,51501,Subscription,Merchant Financing,Tier 2 Cities
Razorpay,12.83,84000000,137341,Subscription,E-commerce Integration,Metropolitan Cities
Ezetap,8.2,358000000,12868,One-time Purchase,Analytics,Rural Areas
Gofrugal,15.31,587000000,166323,One-time Purchase,Mobile POS,Tier 1 Cities
Just Billing,11.41,799000000,82909,Subscription,Analytics,Tier 1 Cities
Gofrugal,4.95,63000000,89523,One-time Purchase,Enterprise Solutions,Tier 2 Cities
Vend,3.8,423000000,174801,One-time Purchase,Inventory Management,Tier 1 Cities
Mswipe,14.12,606000000,20734,One-time Purchase,Integrated Payments,Tier 1 Cities
Vend,22.66,477000000,178501,One-time Purchase,E-commerce Integration,Tier 1 Cities
Unicommerce,9.25,777000000,177409,Subscription,Integrated Payments,Tier 1 Cities
Ezetap,18.59,282000000,176397,One-time Purchase,Customer Loyalty,Tier 1 Cities
Paytm,16.81,754000000,88600,One-time Purchase,Integrated Payments,Rural Areas
Tally,23.36,612000000,198586,Subscription,Mobile POS,Metropolitan Cities
Logic ERP,20.7,988000000,13433,Subscription,Inventory Management,Nationwide
Logic ERP,14.6,936000000,145183,One-time Purchase,Analytics,Tier 1 Cities
Gofrugal,16.77,775000000,108986,One-time Purchase,Enterprise Solutions,Nationwide
Razorpay,22.56,712000000,68753,Subscription,Enterprise Solutions,Nationwide
Petpooja,10.59,489000000,118783,Subscription,Inventory Management,Rural Areas
Mswipe,8.84,551000000,26751,Subscription,E-commerce Integration,Tier 1 Cities
RetailNext,1.26,324000000,152525,One-time Purchase,Integrated Payments,Nationwide
Pine Labs,20.84,899000000,175040,One-time Purchase,E-commerce Integration,Tier 1 Cities
Posiflex,20.22,125000000,166149,Subscription,Analytics,Tier 2 Cities
FusionResto,3.51,488000000,170847,One-time Purchase,E-commerce Integration,Tier 2 Cities
Paytm,14.84,781000000,194216,Subscription,Customer Loyalty,Tier 2 Cities
Shopify POS,12.14,909000000,53570,One-time Purchase,Inventory Management,Nationwide
Shopify POS,3.85,748000000,182169,Subscription,Analytics,Tier 2 Cities
Paytm,24.53,338000000,29503,Subscription,Analytics,Rural Areas
Paytm,6.15,964000000,138851,One-time Purchase,Merchant Financing,Rural Areas
FusionResto,2.61,589000000,91840,One-time Purchase,Analytics,Nationwide
Posiflex,15.28,940000000,136827,One-time Purchase,Merchant Financing,Tier 1 Cities
Retail Pro,18.73,741000000,44263,One-time Purchase,Mobile POS,Metropolitan Cities
FusionResto,1.78,302000000,113491,One-time Purchase,Enterprise Solutions,Tier 1 Cities
RetailGraph,16.81,175000000,60087,One-time Purchase,Merchant Financing,Tier 1 Cities
Logic ERP,13.78,226000000,178353,Subscription,Inventory Management,Tier 1 Cities
Shopify POS,3.48,86000000,56482,One-time Purchase,E-commerce Integration,Tier 1 Cities
Shopify POS,5.14,459000000,190929,Subscription,Merchant Financing,Metropolitan Cities
RetailGraph,14.63,660000000,127989,Subscription,Analytics,Tier 2 Cities
Razorpay,8.11,659000000,153472,One-time Purchase,Inventory Management,Tier 1 Cities
Pine Labs,23.52,176000000,45115,Subscription,Merchant Financing,Rural Areas
RetailGraph,20.65,532000000,19249,Subscription,Merchant Financing,Nationwide
Pine Labs,24.61,217000000,182897,One-time Purchase,Analytics,Nationwide
Logic ERP,7.23,641000000,115361,One-time Purchase,Customer Loyalty,Rural Areas
Shopify POS,24.27,343000000,29600,One-time Purchase,Customer Loyalty,Tier 1 Cities
Shopify POS,11.35,894000000,42706,Subscription,Merchant Financing,Metropolitan Cities
Gofrugal,9.34,687000000,24222,One-time Purchase,Customer Loyalty,Tier 2 Cities
Just Billing,2.21,392000000,104041,One-time Purchase,Integrated Payments,Nationwide
Petpooja,2.27,359000000,109504,One-time Purchase,Analytics,Tier 2 Cities
Petpooja,17.61,711000000,46139,One-time Purchase,Integrated Payments,Metropolitan Cities
Ezetap,11.99,577000000,119919,Subscription,Inventory Management,Nationwide
Pine Labs,6.44,589000000,46302,One-time Purchase,Integrated Payments,Tier 2 Cities
FusionResto,15.74,468000000,92838,Subscription,Inventory Management,Metropolitan Cities
Mswipe,7.07,493000000,144718,One-time Purchase,Merchant Financing,Tier 2 Cities
Logic ERP,14.86,734000000,149615,Subscription,Inventory Management,Tier 1 Cities
Petpooja,9.62,607000000,158857,Subscription,Inventory Management,Metropolitan Cities
Razorpay,20.77,889000000,83353,Subscription,E-commerce Integration,Tier 2 Cities
Ezetap,20.7,285000000,167478,One-time Purchase,Integrated Payments,Tier 1 Cities
Just Billing,12.46,488000000,93992,Subscription,E-commerce Integration,Tier 1 Cities
RetailNext,9.42,263000000,56428,One-time Purchase,Merchant Financing,Metropolitan Cities
Paytm,9.7,134000000,28777,One-time Purchase,Analytics,Rural Areas
Tally,20.34,843000000,62939,One-time Purchase,Integrated Payments,Nationwide
RetailNext,8.88,793000000,189098,One-time Purchase,Analytics,Metropolitan Cities
RetailNext,6.02,134000000,91450,One-time Purchase,Analytics,Tier 1 Cities
Logic ERP,3.03,970000000,165625,Subscription,Inventory Management,Tier 1 Cities
Posiflex,12.2,538000000,28548,One-time Purchase,Enterprise Solutions,Metropolitan Cities
Marg ERP,12.57,114000000,199293,Subscription,Integrated Payments,Rural Areas
Posiflex,21.18,695000000,173337,Subscription,Analytics,Nationwide
Vend,6.31,712000000,130549,Subscription,Enterprise Solutions,Tier 2 Cities
Ezetap,10.14,676000000,176773,Subscription,Customer Loyalty,Metropolitan Cities
Retail Pro,20.4,113000000,187359,Subscription,Analytics,Nationwide
Razorpay,20.77,392000000,142799,Subscription,Customer Loyalty,Nationwide
Gofrugal,10.23,988000000,186789,Subscription,Integrated Payments,Tier 1 Cities
Shopify POS,12.02,924000000,168499,One-time Purchase,Merchant Financing,Tier 2 Cities
Marg ERP,8.28,968000000,152764,Subscription,E-commerce Integration,Metropolitan Cities
RetailGraph,23.38,401000000,36625,One-time Purchase,Integrated Payments,Tier 1 Cities
Shopify POS,3.85,207000000,29918,Subscription,E-commerce Integration,Tier 1 Cities
Logic ERP,23.41,638000000,177208,Subscription,E-commerce Integration,Rural Areas
Vend,17.41,540000000,119826,Subscription,Integrated Payments,Nationwide
Petpooja,13.76,707000000,119881,Subscription,Analytics,Metropolitan Cities
Unicommerce,1.78,904000000,188481,One-time Purchase,Mobile POS,Metropolitan Cities
RetailNext,12.41,512000000,20577,One-time Purchase,Analytics,Metropolitan Cities
Unicommerce,10.79,274000000,90155,One-time Purchase,Analytics,Tier 1 Cities
Posiflex,4.87,966000000,116776,Subscription,Merchant Financing,Rural Areas
Retail Pro,16.75,362000000,104246,Subscription,Inventory Management,Tier 2 Cities
Retail Pro,24.31,664000000,163761,Subscription,Inventory Management,Tier 1 Cities
Razorpay,14.49,968000000,147226,One-time Purchase,Analytics,Tier 2 Cities
Marg ERP,18.15,908000000,99948,Subscription,Customer Loyalty,Rural Areas
Paytm,2.64,862000000,26341,One-time Purchase,Merchant Financing,Nationwide
Ezetap,11.02,989000000,102554,One-time Purchase,E-commerce Integration,Metropolitan Cities
Pine Labs,3.79,515000000,112798,Subscription,Enterprise Solutions,Tier 2 Cities
Paytm,15.71,137000000,51330,Subscription,Inventory Management,Tier 1 Cities
Marg ERP,23.52,932000000,92759,One-time Purchase,Analytics,Tier 2 Cities
Vend,16.88,352000000,91807,One-time Purchase,Merchant Financing,Nationwide
Razorpay,2.84,729000000,38313,One-time Purchase,Mobile POS,Metropolitan Cities
Mswipe,9.51,484000000,51900,Subscription,Customer Loyalty,Tier 2 Cities
Gofrugal,14.22,731000000,83840,Subscription,Integrated Payments,Nationwide
Razorpay,10.68,184000000,170767,Subscription,Analytics,Tier 1 Cities
Paytm,21.01,99000000,166297,Subscription,Merchant Financing,Rural Areas
Mswipe,20.55,481000000,91072,Subscription,Analytics,Tier 1 Cities
FusionResto,15.68,389000000,101367,Subscription,Enterprise Solutions,Metropolitan Cities
Shopify POS,9.96,396000000,54156,One-time Purchase,E-commerce Integration,Tier 1 Cities
Logic ERP,7.13,695000000,92453,One-time Purchase,Customer Loyalty,Tier 1 Cities
Ezetap,3.54,396000000,163901,One-time Purchase,Inventory Management,Tier 1 Cities
Petpooja,9.52,698000000,30938,Subscription,Inventory Management,Tier 1 Cities
SnapBizz,10.92,294000000,64164,One-time Purchase,Inventory Management,Metropolitan Cities
Ezetap,17.22,158000000,190602,Subscription,Enterprise Solutions,Nationwide
Gofrugal,16.8,874000000,65282,Subscription,Integrated Payments,Tier 2 Cities
Vend,2.68,848000000,52801,One-time Purchase,Merchant Financing,Rural Areas
Posiflex,10.49,582000000,145537,Subscription,Customer Loyalty,Tier 2 Cities
Posiflex,5.36,139000000,8326,One-time Purchase,Customer Loyalty,Tier 2 Cities
SnapBizz,4.76,345000000,139731,One-time Purchase,Inventory Management,Rural Areas
Shopify POS,20.86,161000000,196361,Subscription,Inventory Management,Metropolitan Cities
Paytm,2.01,862000000,163666,One-time Purchase,E-commerce Integration,Rural Areas
RetailNext,11.06,638000000,120819,One-time Purchase,Enterprise Solutions,Metropolitan Cities
Marg ERP,5.04,226000000,9763,One-time Purchase,Mobile POS,Tier 2 Cities
Razorpay,22.1,392000000,146900,One-time Purchase,Mobile POS,Metropolitan Cities
Tally,14.37,709000000,52588,Subscription,Analytics,Nationwide
SnapBizz,6.55,150000000,16221,One-time Purchase,Analytics,Rural Areas
RetailNext,13.06,807000000,147283,One-time Purchase,Customer Loyalty,Nationwide
Razorpay,18.56,678000000,18569,One-time Purchase,Customer Loyalty,Tier 2 Cities
Marg ERP,23.99,653000000,42860,Subscription,Integrated Payments,Rural Areas
Petpooja,6.29,450000000,50337,One-time Purchase,Integrated Payments,Tier 2 Cities
Ezetap,22.27,77000000,188383,Subscription,Mobile POS,Nationwide
Logic ERP,23.42,986000000,149587,One-time Purchase,Enterprise Solutions,Tier 2 Cities
RetailGraph,22.99,586000000,76695,One-time Purchase,Analytics,Rural Areas
Ezetap,16.25,107000000,111749,One-time Purchase,Mobile POS,Rural Areas
Unicommerce,16.12,547000000,160976,Subscription,Enterprise Solutions,Tier 2 Cities
RetailNext,10.68,346000000,196007,Subscription,Mobile POS,Rural Areas
Retail Pro,19.06,183000000,48790,Subscription,Analytics,Rural Areas
Unicommerce,13.75,380000000,73580,Subscription,Merchant Financing,Tier 2 Cities
Marg ERP,17.26,298000000,10636,Subscription,Integrated Payments,Nationwide
Razorpay,11.28,599000000,82129,Subscription,E-commerce Integration,Rural Areas
Posiflex,18.56,951000000,138964,One-time Purchase,E-commerce Integration,Rural Areas
Unicommerce,20.79,990000000,26672,Subscription,E-commerce Integration,Rural Areas
Vend,4.51,124000000,10812,One-time Purchase,Analytics,Rural Areas
FusionResto,20.99,703000000,5654,Subscription,Inventory Management,Tier 2 Cities
Unicommerce,13.97,883000000,59633,Subscription,Inventory Management,Nationwide
Gofrugal,21.27,217000000,22143,Subscription,Inventory Management,Nationwide
Gofrugal,11.35,820000000,60934,One-time Purchase,Customer Loyalty,Metropolitan Cities
Mswipe,10.1,552000000,72334,Subscription,Integrated Payments,Rural Areas
Petpooja,22.96,934000000,108463,Subscription,Integrated Payments,Rural Areas
FusionResto,7.03,404000000,130851,One-time Purchase,Merchant Financing,Metropolitan Cities
Just Billing,21.26,274000000,34087,One-time Purchase,Merchant Financing,Nationwide
Gofrugal,12.62,713000000,147690,One-time Purchase,Customer Loyalty,Tier 1 Cities
FusionResto,13.34,580000000,13446,One-time Purchase,Mobile POS,Tier 1 Cities
Razorpay,8.4,195000000,107127,Subscription,Enterprise Solutions,Nationwide
Unicommerce,14.75,290000000,53867,One-time Purchase,Merchant Financing,Rural Areas
Shopify POS,8.81,933000000,187100,Subscription,E-commerce Integration,Tier 1 Cities
Marg ERP,1.94,942000000,65101,Subscription,Inventory Management,Tier 2 Cities
Ezetap,7.53,393000000,163272,One-time Purchase,E-commerce Integration,Tier 2 Cities
SnapBizz,1.15,798000000,93074,Subscription,Inventory Management,Metropolitan Cities
FusionResto,24.48,84000000,197537,One-time Purchase,E-commerce Integration,Nationwide
Pine Labs,24.18,751000000,123422,Subscription,Mobile POS,Nationwide
RetailNext,10.48,50000000,92892,One-time Purchase,Enterprise Solutions,Tier 1 Cities
Razorpay,18.48,202000000,125044,One-time Purchase,E-commerce Integration,Rural Areas
FusionResto,9.3,478000000,44148,One-time Purchase,E-commerce Integration,Nationwide
Petpooja,17.11,994000000,87928,One-time Purchase,Analytics,Tier 1 Cities
Mswipe,20.33,557000000,156770,One-time Purchase,Enterprise Solutions,Tier 1 Cities
Vend,23.72,175000000,178542,One-time Purchase,E-commerce Integration,Nationwide
Marg ERP,10.61,540000000,56660,Subscription,Analytics,Tier 1 Cities
Posiflex,19.8,531000000,189982,Subscription,Integrated Payments,Metropolitan Cities
SnapBizz,7.38,394000000,40450,Subscription,Enterprise Solutions,Metropolitan Cities
Pine Labs,24.77,961000000,192535,One-time Purchase,Customer Loyalty,Nationwide
Marg ERP,1.62,787000000,38757,Subscription,Enterprise Solutions,Rural Areas
Posiflex,15.48,270000000,83012,One-time Purchase,Enterprise Solutions,Metropolitan Cities
FusionResto,16.83,964000000,111750,Subscription,E-commerce Integration,Metropolitan Cities
Mswipe,17.51,968000000,132043,Subscription,Integrated Payments,Nationwide
Petpooja,3.89,772000000,167462,One-time Purchase,Enterprise Solutions,Tier 2 Cities
Petpooja,23.52,74000000,61116,Subscription,Merchant Financing,Tier 1 Cities
Logic ERP,5.35,577000000,149233,Subscription,Merchant Financing,Metropolitan Cities
SnapBizz,15.95,231000000,37152,Subscription,Analytics,Tier 2 Cities
SnapBizz,6.34,548000000,111379,One-time Purchase,E-commerce Integration,Rural Areas
Shopify POS,8.37,890000000,25836,Subscription,E-commerce Integration,Tier 2 Cities
Shopify POS,14.12,690000000,191720,One-time Purchase,Enterprise Solutions,Nationwide
Paytm,11.01,91000000,162403,Subscription,Mobile POS,Rural Areas
FusionResto,4.85,964000000,146835,Subscription,Integrated Payments,Rural Areas
FusionResto,5.1,530000000,74444,Subscription,Inventory Management,Tier 2 Cities
Tally,11.04,979000000,98109,Subscription,Inventory Management,Nationwide
Unicommerce,19.17,897000000,155259,One-time Purchase,Mobile POS,Metropolitan Cities
Marg ERP,22.55,797000000,148029,Subscription,Analytics,Tier 2 Cities
Logic ERP,3.02,921000000,140451,One-time Purchase,Inventory Management,Metropolitan Cities
Pine Labs,10.43,488000000,164031,One-time Purchase,Enterprise Solutions,Tier 2 Cities
FusionResto,3.41,451000000,87018,Subscription,Inventory Management,Metropolitan Cities
Paytm,1.4,595000000,128076,Subscription,Merchant Financing,Tier 2 Cities
Marg ERP,16.88,394000000,163177,One-time Purchase,Merchant Financing,Rural Areas
Razorpay,15.46,942000000,136949,One-time Purchase,Customer Loyalty,Tier 1 Cities
Razorpay,4.91,94000000,184425,Subscription,Integrated Payments,Rural Areas
RetailGraph,6.61,695000000,88788,Subscription,Analytics,Metropolitan Cities
FusionResto,1.57,70000000,101870,Subscription,E-commerce Integration,Nationwide
RetailNext,21.04,683000000,88308,Subscription,Integrated Payments,Rural Areas
Just Billing,24.39,119000000,187639,Subscription,Analytics,Tier 1 Cities
Shopify POS,4.25,913000000,62913,One-time Purchase,Inventory Management,Metropolitan Cities
Paytm,6.56,922000000,7637,Subscription,Customer Loyalty,Rural Areas
Vend,21.84,97000000,47025,Subscription,Integrated Payments,Tier 2 Cities
Retail Pro,23.24,540000000,104508,One-time Purchase,Inventory Management,Nationwide
Pine Labs,11.07,600000000,87464,Subscription,Analytics,Metropolitan Cities
Retail Pro,2.21,336000000,33742,Subscription,Integrated Payments,Rural Areas
Mswipe,1.95,59000000,16831,One-time Purchase,E-commerce Integration,Metropolitan Cities
Razorpay,14.77,591000000,118768,Subscription,Integrated Payments,Tier 2 Cities
RetailNext,10.43,805000000,90092,One-time Purchase,Inventory Management,Tier 1 Cities
SnapBizz,1.69,323000000,95879,Subscription,Enterprise Solutions,Rural Areas
Pine Labs,15.0,649000000,93370,Subscription,Enterprise Solutions,Metropolitan Cities
FusionResto,1.27,805000000,131537,Subscription,Integrated Payments,Metropolitan Cities
Vend,19.9,430000000,182834,One-time Purchase,E-commerce Integration,Metropolitan Cities
RetailNext,8.35,378000000,109824,One-time Purchase,Customer Loyalty,Tier 1 Cities
Pine Labs,1.97,528000000,93741,One-time Purchase,Customer Loyalty,Metropolitan Cities
Ezetap,15.12,64000000,23830,One-time Purchase,Enterprise Solutions,Nationwide
Unicommerce,10.54,565000000,60044,Subscription,Inventory Management,Nationwide
SnapBizz,24.37,240000000,78948,One-time Purchase,Analytics,Metropolitan Cities
Vend,14.06,217000000,74202,One-time Purchase,Inventory Management,Nationwide
Logic ERP,7.61,570000000,42045,One-time Purchase,Customer Loyalty,Rural Areas
Unicommerce,18.03,670000000,112509,Subscription,Mobile POS,Nationwide
Paytm,7.52,186000000,162699,Subscription,Mobile POS,Metropolitan Cities
RetailNext,22.7,203000000,20198,One-time Purchase,Integrated Payments,Tier 2 Cities
Tally,9.99,437000000,74521,One-time Purchase,E-commerce Integration,Rural Areas
Unicommerce,14.2,258000000,111471,Subscription,Enterprise Solutions,Tier 1 Cities
Just Billing,2.21,321000000,34475,One-time Purchase,Merchant Financing,Metropolitan Cities
Gofrugal,11.23,192000000,24403,One-time Purchase,Merchant Financing,Tier 1 Cities
Shopify POS,20.98,660000000,8681,One-time Purchase,Merchant Financing,Tier 2 Cities
Razorpay,20.34,938000000,96555,One-time Purchase,Integrated Payments,Tier 1 Cities
Tally,6.38,869000000,123884,Subscription,Mobile POS,Metropolitan Cities
Mswipe,6.43,118000000,98122,Subscription,Customer Loyalty,Metropolitan Cities
RetailNext,20.62,296000000,120260,Subscription,Integrated Payments,Tier 2 Cities
Ezetap,23.33,310000000,178364,One-time Purchase,Merchant Financing,Metropolitan Cities
Vend,3.29,837000000,110386,One-time Purchase,Merchant Financing,Tier 2 Cities
Posiflex,11.8,128000000,141701,Subscription,Enterprise Solutions,Tier 2 Cities
Retail Pro,9.1,707000000,98246,Subscription,Inventory Management,Metropolitan Cities
Paytm,21.9,672000000,100864,Subscription,Merchant Financing,Nationwide
RetailGraph,3.0,819000000,13417,One-time Purchase,E-commerce Integration,Tier 2 Cities
Unicommerce,6.07,654000000,123888,Subscription,Merchant Financing,Metropolitan Cities
RetailNext,19.06,574000000,170837,One-time Purchase,Inventory Management,Nationwide
RetailNext,2.23,821000000,79499,One-time Purchase,Merchant Financing,Tier 2 Cities
RetailGraph,12.82,987000000,135908,Subscription,E-commerce Integration,Nationwide
Shopify POS,11.61,670000000,192646,Subscription,Customer Loyalty,Rural Areas
Unicommerce,9.03,379000000,32675,One-time Purchase,Integrated Payments,Rural Areas
Vend,10.47,238000000,176635,Subscription,E-commerce Integration,Nationwide
Pine Labs,13.72,144000000,16332,Subscription,Inventory Management,Tier 2 Cities
FusionResto,4.87,666000000,24177,One-time Purchase,Integrated Payments,Metropolitan Cities
Tally,14.73,57000000,135560,One-time Purchase,Integrated Payments,Tier 1 Cities
Just Billing,20.33,116000000,62104,One-time Purchase,Inventory Management,Metropolitan Cities
Ezetap,19.24,545000000,89335,One-time Purchase,Enterprise Solutions,Tier 1 Cities
Tally,4.69,240000000,119938,One-time Purchase,Mobile POS,Tier 1 Cities
FusionResto,4.58,415000000,85730,Subscription,Merchant Financing,Tier 2 Cities
SnapBizz,7.44,817000000,141023,One-time Purchase,E-commerce Integration,Nationwide
Pine Labs,9.67,570000000,33333,One-time Purchase,Inventory Management,Metropolitan Cities
Ezetap,10.8,166000000,26673,One-time Purchase,Customer Loyalty,Nationwide
Retail Pro,17.31,316000000,119421,Subscription,Analytics,Rural Areas
Ezetap,2.36,660000000,45870,One-time Purchase,Inventory Management,Tier 2 Cities
Pine Labs,1.83,534000000,132536,One-time Purchase,Merchant Financing,Tier 2 Cities
RetailGraph,10.41,558000000,76101,One-time Purchase,Merchant Financing,Rural Areas
Unicommerce,17.73,347000000,27821,Subscription,Integrated Payments,Metropolitan Cities
Petpooja,5.64,958000000,30494,One-time Purchase,Integrated Payments,Rural Areas
RetailNext,16.4,213000000,104477,One-time Purchase,Inventory Management,Metropolitan Cities
Ezetap,7.24,425000000,131083,One-time Purchase,Analytics,Tier 1 Cities
Mswipe,22.27,702000000,117698,Subscription,Enterprise Solutions,Tier 2 Cities
Marg ERP,22.5,317000000,116560,Subscription,Inventory Management,Metropolitan Cities
Posiflex,8.13,598000000,136907,Subscription,Analytics,Nationwide
Razorpay,6.52,123000000,23646,Subscription,Enterprise Solutions,Nationwide
Pine Labs,10.87,557000000,128777,One-time Purchase,Analytics,Tier 2 Cities
Logic ERP,6.77,122000000,82360,One-time Purchase,Merchant Financing,Rural Areas
Shopify POS,17.14,357000000,42335,Subscription,Merchant Financing,Rural Areas
Posiflex,20.83,248000000,74351,Subscription,Merchant Financing,Metropolitan Cities
Marg ERP,17.15,179000000,119934,One-time Purchase,Customer Loyalty,Rural Areas
Retail Pro,20.78,807000000,138501,One-time Purchase,Merchant Financing,Tier 2 Cities
RetailNext,10.53,873000000,46950,Subscription,E-commerce Integration,Metropolitan Cities
Shopify POS,4.75,621000000,65654,Subscription,Integrated Payments,Tier 1 Cities
RetailGraph,18.71,840000000,112422,Subscription,Integrated Payments,Rural Areas
Gofrugal,9.65,664000000,114934,Subscription,Analytics,Rural Areas
Petpooja,17.11,857000000,124975,One-time Purchase,Integrated Payments,Metropolitan Cities
Vend,7.5,881000000,96186,Subscription,Mobile POS,Nationwide
Gofrugal,2.95,536000000,109234,Subscription,Enterprise Solutions,Rural Areas
FusionResto,24.82,902000000,107326,One-time Purchase,Analytics,Tier 2 Cities
Mswipe,4.75,200000000,82527,One-time Purchase,Integrated Payments,Rural Areas
SnapBizz,24.72,718000000,91704,One-time Purchase,Mobile POS,Tier 1 Cities
Ezetap,24.45,255000000,167171,One-time Purchase,Enterprise Solutions,Rural Areas
Petpooja,20.05,228000000,175457,One-time Purchase,Customer Loyalty,Nationwide
Ezetap,16.83,246000000,171991,Subscription,Integrated Payments,Rural Areas
RetailGraph,14.87,784000000,101952,Subscription,Mobile POS,Metropolitan Cities
Shopify POS,21.79,138000000,65782,Subscription,Inventory Management,Rural Areas
Petpooja,7.95,848000000,76116,One-time Purchase,E-commerce Integration,Nationwide
FusionResto,12.22,483000000,94626,Subscription,Inventory Management,Metropolitan Cities
FusionResto,15.87,837000000,176459,One-time Purchase,Mobile POS,Tier 2 Cities
Tally,10.87,797000000,151895,Subscription,Analytics,Metropolitan Cities
Posiflex,11.26,232000000,51015,Subscription,Merchant Financing,Tier 1 Cities
Paytm,8.93,258000000,107877,One-time Purchase,Merchant Financing,Metropolitan Cities
Gofrugal,14.54,542000000,20339,One-time Purchase,Merchant Financing,Tier 2 Cities
Mswipe,21.41,179000000,139563,Subscription,Enterprise Solutions,Rural Areas
Paytm,5.84,714000000,136778,Subscription,Analytics,Metropolitan Cities
Unicommerce,23.43,62000000,102493,Subscription,Enterprise Solutions,Metropolitan Cities
Mswipe,17.54,683000000,151800,Subscription,Integrated Payments,Metropolitan Cities
Gofrugal,20.76,920000000,143069,Subscription,Merchant Financing,Metropolitan Cities
SnapBizz,14.35,781000000,196480,One-time Purchase,Inventory Management,Tier 2 Cities
Just Billing,19.71,155000000,194169,One-time Purchase,Analytics,Nationwide
Posiflex,1.39,424000000,134526,One-time Purchase,Analytics,Nationwide
Marg ERP,20.64,631000000,174595,One-time Purchase,Merchant Financing,Metropolitan Cities
SnapBizz,1.96,756000000,126648,Subscription,Inventory Management,Tier 2 Cities
Shopify POS,22.36,747000000,30163,Subscription,Customer Loyalty,Tier 2 Cities
Petpooja,24.81,148000000,153790,One-time Purchase,Analytics,Metropolitan Cities
Shopify POS,8.06,643000000,92508,Subscription,Merchant Financing,Tier 1 Cities
Tally,6.05,636000000,44619,One-time Purchase,E-commerce Integration,Metropolitan Cities
RetailNext,19.37,935000000,17126,Subscription,Mobile POS,Tier 1 Cities
